xdate,Quantgas,Pricegas,pop,Disp_inc,pce2017,inflation_p,unrate,tb1yr,tb10yr
1975-01-01,192382,0.532,214998,1154.2,26.132,11.09127,8.1,6.83,7.50
1975-02-01,170691,0.533,215132,1161.1,26.274,10.40888,8.1,5.98,7.39
1975-03-01,196097,0.534,215276,1166.0,26.363,9.51273,8.6,6.11,7.73
1975-04-01,201542,0.54,215438,1191.4,26.452,9.11191,8.8,6.90,8.23
1975-05-01,213010,0.55,215646,1265.1,26.558,8.47970,9.0,6.39,8.06
1975-06-01,212285,0.567,215871,1230.2,26.724,8.23815,8.8,6.29,7.86
1975-07-01,218258,0.591,216084,1221.6,26.953,8.36684,8.6,7.11,8.06
1975-08-01,217257,0.595,216294,1235.1,27.070,7.71128,8.4,7.70,8.40
1975-09-01,201861,0.597,216490,1244.2,27.204,7.13189,8.4,7.75,8.43
1975-10-01,210107,0.594,216679,1256.7,27.362,6.98729,8.4,6.95,8.14
1975-11-01,191690,0.589,216851,1263.8,27.538,6.87313,8.3,6.49,8.05
1975-12-01,211049,0.586,217013,1272.0,27.690,6.61892,8.2,6.60,8.00
1976-01-01,198347,0.605,217172,1285.2,27.795,6.36385,7.9,5.81,7.74
1976-02-01,181641,0.600,217315,1294.9,27.831,5.92601,7.7,5.91,7.79
1976-03-01,213605,0.594,217455,1300.7,27.873,5.72772,7.6,6.21,7.73
1976-04-01,214782,0.592,217607,1305.4,27.936,5.61016,7.7,5.92,7.56
1976-05-01,212442,0.600,217773,1311.7,28.069,5.68943,7.4,6.40,7.90
1976-06-01,224458,0.616,217948,1318.7,28.192,5.49319,7.6,6.52,7.86
1976-07-01,226772,0.623,218134,1332.9,28.335,5.12744,7.8,6.20,7.83
1976-08-01,222214,0.628,218337,1343.0,28.491,5.24935,7.8,6.00,7.77
1976-09-01,212355,0.630,218542,1350.8,28.651,5.31907,7.6,5.84,7.59
1976-10-01,214799,0.629,218739,1355.5,28.801,5.25912,7.7,5.50,7.41
1976-11-01,211147,0.629,218920,1374.0,28.932,5.06210,7.8,5.29,7.29
1976-12-01,221272,0.626,219093,1386.9,29.094,5.07042,7.8,4.89,6.87
1977-01-01,200637,0.627,219262,1392.2,29.263,5.28153,7.5,5.29,7.21
1977-02-01,193191,0.637,219424,1390.7,29.492,5.96816,7.6,5.47,7.39
1977-03-01,214144,0.643,219594,1417.2,29.640,6.33947,7.4,5.50,7.46
1977-04-01,220352,0.651,219772,1427.7,29.812,6.71535,7.2,5.44,7.37
1977-05-01,217907,0.659,219953,1435.2,29.963,6.74766,7.0,5.84,7.46
1977-06-01,227783,0.665,220143,1449.2,30.131,6.87784,7.2,5.80,7.28
1977-07-01,230624,0.667,220349,1466.1,30.287,6.88901,6.9,5.94,7.33
1977-08-01,230018,0.667,220573,1478.9,30.428,6.79864,7.0,6.37,7.40
1977-09-01,219484,0.666,220796,1492.6,30.543,6.60361,6.8,6.53,7.34
1977-10-01,221043,0.665,221007,1510.4,30.685,6.54144,6.8,6.97,7.52
1977-11-01,215741,0.664,221206,1531.2,30.861,6.66736,6.8,6.95,7.58
1977-12-01,228616,0.665,221390,1545.0,31.011,6.58899,6.4,6.96,7.69
1978-01-01,207118,0.648,221553,1547.4,31.194,6.59878,6.4,7.28,7.96
1978-02-01,192540,0.647,221711,1563.8,31.339,6.26272,6.3,7.34,8.03
1978-03-01,224905,0.647,221892,1587.1,31.542,6.41700,6.3,7.31,8.04
1978-04-01,216070,0.649,222084,1604.6,31.781,6.60472,6.1,7.45,8.15
1978-05-01,239456,0.655,222278,1615.1,32.008,6.82508,6.0,7.82,8.35
1978-06-01,237392,0.663,222482,1625.7,32.217,6.92310,5.9,8.09,8.46
1978-07-01,234852,0.674,222697,1642.8,32.393,6.95348,6.2,8.39,8.64
1978-08-01,244041,0.682,222933,1658.1,32.557,6.99685,5.9,8.31,8.41
1978-09-01,221959,0.688,223168,1668.0,32.742,7.19969,6.0,8.64,8.42
1978-10-01,230886,0.690,223383,1685.8,33.003,7.55418,5.8,9.14,8.64
1978-11-01,225094,0.695,223585,1697.0,33.190,7.54674,5.9,10.01,8.81
1978-12-01,230996,0.705,223781,1713.4,33.345,7.52636,6.0,10.30,9.01
1979-01-01,211741,0.716,223973,1734.6,33.597,7.70340,5.9,10.41,9.10
1979-02-01,203122,0.730,224150,1750.9,33.776,7.77625,5.9,10.24,9.10
1979-03-01,224099,0.755,224333,1769.2,34.040,7.91960,5.8,10.25,9.12
1979-04-01,211651,0.802,224529,1773.1,34.395,8.22504,5.8,10.12,9.18
1979-05-01,223615,0.844,224734,1783.2,34.751,8.56973,5.6,10.12,9.25
1979-06-01,215723,0.901,224948,1793.3,35.038,8.75625,5.7,9.57,8.91
1979-07-01,213957,0.949,225174,1820.1,35.305,8.98960,5.7,9.64,8.95
1979-08-01,227238,0.988,225419,1836.7,35.575,9.26990,6.0,9.98,9.03
1979-09-01,206424,1.020,225662,1851.4,35.889,9.61151,5.9,10.84,9.33
1979-10-01,217634,1.028,225893,1865.5,36.182,9.63246,6.0,12.44,10.30
1979-11-01,203728,1.041,226120,1883.8,36.433,9.77102,5.9,12.39,10.65
1979-12-01,208641,1.065,226339,1903.8,36.739,10.17844,6.0,11.98,10.39
1980-01-01,196000,1.131,226554,1937.3,37.124,10.49796,6.3,12.06,10.80
1980-02-01,191292,1.207,226753,1948.1,37.526,11.10256,6.3,13.92,12.41
1980-03-01,198589,1.252,226955,1959.7,37.987,11.59518,6.3,15.82,12.75
1980-04-01,203998,1.264,227156,1967.7,38.185,11.01904,6.9,13.30,11.47
1980-05-01,208614,1.266,227387,1975.7,38.482,10.73638,7.5,9.39,10.18
1980-06-01,199717,1.269,227624,1992.4,38.725,10.52286,7.6,8.16,9.78
1980-07-01,209022,1.271,227840,2025.3,39.026,10.53958,7.8,8.65,10.25
1980-08-01,206094,1.267,228070,2044.1,39.351,10.61420,7.7,10.24,11.10
1980-09-01,195296,1.257,228302,2071.7,39.715,10.66065,7.5,11.52,11.51
1980-10-01,206532,1.250,228515,2104.5,40.033,10.64341,7.5,12.49,11.75
1980-11-01,187006,1.250,228696,2124.7,40.359,10.77594,7.5,14.15,12.68
1980-12-01,205587,1.258,228858,2148.2,40.621,10.56643,7.2,14.88,12.84
1981-01-01,199366,1.298,229004,2160.1,41.011,10.47032,7.5,14.08,12.57
1981-02-01,176416,1.382,229148,2175.0,41.426,10.39279,7.4,14.57,13.19
1981-03-01,195382,1.417,229314,2196.1,41.715,9.81388,7.4,13.71,13.12
1981-04-01,198068,1.412,229489,2199.2,41.897,9.72109,7.2,14.32,13.68
1981-05-01,205061,1.400,229668,2213.2,42.085,9.36282,7.5,16.20,14.10
1981-06-01,210834,1.391,229864,2234.0,42.253,9.11039,7.5,14.86,13.47
1981-07-01,211513,1.382,230077,2283.0,42.508,8.92226,7.2,15.72,14.28
1981-08-01,205741,1.376,230300,2303.9,42.774,8.69864,7.4,16.72,14.94
1981-09-01,199859,1.376,230527,2313.6,43.033,8.35453,7.6,16.52,15.32
1981-10-01,203909,1.371,230732,2326.6,43.228,7.98092,7.9,15.38,15.15
1981-11-01,191184,1.369,230906,2340.2,43.460,7.68354,8.3,12.41,13.39
1981-12-01,207115,1.365,231073,2344.2,43.594,7.31887,8.5,12.85,13.72
1982-01-01,184779,1.358,231235,2361.2,43.853,6.92985,8.6,14.32,14.59
1982-02-01,173483,1.334,231392,2374.8,43.985,6.17728,8.9,14.73,14.43
1982-03-01,200459,1.284,231558,2380.6,44.098,5.71257,9.0,13.95,13.86
1982-04-01,206923,1.225,231727,2405.5,44.120,5.30587,9.3,13.98,13.87
1982-05-01,206306,1.237,231901,2409.8,44.382,5.45800,9.4,13.34,13.62
1982-06-01,205058,1.309,232090,2414.1,44.704,5.80077,9.6,14.07,14.30
1982-07-01,210502,1.331,232290,2450.6,44.969,5.78950,9.8,13.24,13.95
1982-08-01,205034,1.323,232496,2462.2,45.108,5.45659,9.8,11.43,13.06
1982-09-01,195929,1.307,232708,2468.2,45.233,5.11236,10.1,10.85,12.34
1982-10-01,198107,1.295,232905,2479.6,45.487,5.22578,10.4,9.32,10.91
1982-11-01,197234,1.283,233077,2497.0,45.624,4.97929,10.8,9.16,10.55
1982-12-01,203011,1.260,233241,2513.0,45.693,4.81488,10.8,8.91,10.54
1983-01-01,187573,1.230,233398,2533.5,45.906,4.68155,10.4,8.62,10.46
1983-02-01,168007,1.187,233543,2538.9,45.984,4.54473,10.4,8.92,10.72
1983-03-01,211909,1.152,233697,2554.4,46.043,4.41063,10.3,9.04,10.51
1983-04-01,193569,1.215,233852,2571.6,46.253,4.83454,10.2,8.98,10.40
1983-05-01,205126,1.259,234020,2584.1,46.384,4.51084,10.1,8.90,10.38
1983-06-01,209807,1.277,234213,2595.8,46.557,4.14504,10.1,9.66,10.85
1983-07-01,209728,1.288,234404,2643.2,46.820,4.11617,9.4,10.20,11.38
1983-08-01,215001,1.285,234601,2649.4,47.020,4.23872,9.5,10.53,11.85
1983-09-01,201807,1.274,234804,2677.7,47.185,4.31543,9.2,10.16,11.65
1983-10-01,204233,1.255,234993,2706.0,47.265,3.90881,8.8,9.81,11.54
1983-11-01,198092,1.241,235157,2732.9,47.332,3.74364,8.5,9.94,11.69
1983-12-01,212231,1.231,235310,2758.5,47.358,3.64388,8.3,10.11,11.83
1984-01-01,194200,1.216,235456,2782.7,47.564,3.61173,8.0,9.90,11.67
1984-02-01,180711,1.209,235601,2817.5,47.884,4.13187,7.8,10.04,11.84
1984-03-01,202372,1.210,235757,2844.9,48.041,4.33942,7.8,10.59,12.32
1984-04-01,200284,1.227,235916,2875.0,48.224,4.26135,7.7,10.90,12.63
1984-05-01,213602,1.236,236077,2882.7,48.285,4.09840,7.4,11.66,13.41
1984-06-01,213203,1.229,236254,2906.9,48.371,3.89630,7.2,12.08,13.56
1984-07-01,211734,1.212,236449,2920.9,48.544,3.68219,7.5,12.03,13.36
1984-08-01,219886,1.196,236655,2949.8,48.693,3.55806,7.5,11.82,12.72
1984-09-01,197654,1.203,236868,2974.9,48.759,3.33581,7.3,11.58,12.52
1984-10-01,208613,1.209,237068,2970.8,48.874,3.40421,7.4,10.90,12.16
1984-11-01,203999,1.207,237238,2988.0,48.943,3.40362,7.2,9.82,11.57
1984-12-01,203204,1.193,237392,3014.9,49.081,3.63824,7.3,9.33,11.50
1985-01-01,196799,1.148,237535,3029.1,49.326,3.70448,7.3,9.02,11.38
1985-02-01,184449,1.131,237667,3015.2,49.555,3.48968,7.2,9.29,11.51
1985-03-01,206588,1.159,237816,3013.4,49.749,3.55530,7.2,9.86,11.86
1985-04-01,208669,1.205,237987,3068.4,49.821,3.31163,7.3,9.14,11.43
1985-05-01,218861,1.231,238172,3151.2,49.939,3.42549,7.2,8.46,10.85
1985-06-01,209902,1.241,238368,3093.7,50.075,3.52277,7.4,7.80,10.16
1985-07-01,217255,1.242,238573,3108.2,50.198,3.40722,7.4,7.86,10.31
1985-08-01,224487,1.229,238789,3116.6,50.364,3.43170,7.1,8.05,10.33
1985-09-01,198884,1.216,239006,3135.6,50.449,3.46603,7.1,8.07,10.37
1985-10-01,213796,1.204,239210,3156.8,50.533,3.39444,7.1,8.01,10.24
1985-11-01,203105,1.207,239392,3171.3,50.680,3.54903,7.0,7.88,9.78
1985-12-01,210565,1.208,239558,3201.4,50.850,3.60425,7.0,7.67,9.26
1986-01-01,201560,1.194,239713,3222.4,51.084,3.56404,6.7,7.73,9.19
1986-02-01,181130,1.120,239858,3239.4,51.084,3.08546,7.2,7.61,8.70
1986-03-01,215599,0.981,240011,3265.4,50.972,2.45834,7.2,7.03,7.78
1986-04-01,213138,0.888,240183,3270.9,50.868,2.10152,7.1,6.44,7.30
1986-05-01,220298,0.923,240365,3279.6,50.961,2.04650,7.2,6.65,7.71
1986-06-01,216274,0.955,240555,3288.7,51.151,2.14878,7.2,6.73,7.80
1986-07-01,230501,0.890,240753,3305.9,51.164,1.92438,7.0,6.27,7.30
1986-08-01,230479,0.843,240961,3313.9,51.228,1.71551,6.9,5.93,7.17
1986-09-01,205933,0.860,241171,3326.5,51.396,1.87714,7.0,5.77,7.45
1986-10-01,224737,0.831,241371,3329.0,51.488,1.88985,7.0,5.72,7.43
1986-11-01,206367,0.821,241544,3335.3,51.580,1.77585,6.9,5.80,7.25
1986-12-01,221421,0.823,241702,3343.5,51.651,1.57522,6.6,5.87,7.11
1987-01-01,202580,0.862,241857,3369.8,51.894,1.58562,6.6,5.78,7.08
1987-02-01,190286,0.905,242005,3397.6,52.076,1.94190,6.6,5.96,7.25
1987-03-01,215891,0.912,242166,3409.5,52.214,2.43663,6.6,6.03,7.25
1987-04-01,219421,0.934,242338,3292.2,52.409,3.02941,6.3,6.50,8.02
1987-05-01,231273,0.941,242516,3434.3,52.542,3.10237,6.3,7.00,8.61
1987-06-01,226184,0.958,242706,3442.4,52.741,3.10844,6.2,6.80,8.40
1987-07-01,235018,0.971,242908,3459.9,52.863,3.32069,6.1,6.68,8.45
1987-08-01,227487,0.995,243118,3488.5,53.072,3.59959,6.0,7.03,8.76
1987-09-01,216156,0.990,243335,3501.0,53.251,3.60923,5.9,7.67,9.42
1987-10-01,226466,0.976,243543,3535.7,53.420,3.75233,6.0,7.59,9.52
1987-11-01,214540,0.976,243724,3557.7,53.521,3.76309,5.8,6.96,8.86
1987-12-01,224788,0.961,243895,3598.2,53.620,3.81212,5.7,7.17,8.99
1988-01-01,207478,0.933,244056,3622.3,53.828,3.72683,5.7,6.99,8.67
1988-02-01,204134,0.913,244205,3650.9,53.908,3.51794,5.7,6.64,8.21
1988-03-01,227007,0.904,244362,3680.1,54.093,3.59865,5.7,6.71,8.37
1988-04-01,222900,0.930,244528,3712.1,54.356,3.71501,5.4,7.01,8.72
1988-05-01,226390,0.955,244708,3729.1,54.514,3.75319,5.6,7.40,9.09
1988-06-01,234515,0.955,244914,3759.7,54.746,3.80160,5.4,7.49,8.92
1988-07-01,231938,0.967,245131,3794.4,55.012,4.06523,5.4,7.75,9.06
1988-08-01,234248,0.987,245352,3816.8,55.175,3.96254,5.6,8.17,9.26
1988-09-01,222114,0.974,245579,3843.1,55.444,4.11823,5.4,8.09,8.98
1988-10-01,225402,0.957,245789,3876.5,55.625,4.12767,5.4,8.11,8.80
1988-11-01,221355,0.949,245970,3886.6,55.754,4.17219,5.3,8.48,8.96
1988-12-01,227664,0.930,246140,3917.4,55.928,4.30436,5.3,8.99,9.11
1989-01-01,209090,0.918,246301,3953.4,56.215,4.43450,5.4,9.05,9.09
1989-02-01,199330,0.926,246454,3977.5,56.402,4.62640,5.2,9.25,9.17
1989-03-01,230053,0.940,246626,4011.8,56.612,4.65679,5.0,9.57,9.36
1989-04-01,214712,1.065,246814,4017.4,56.989,4.84399,5.2,9.36,9.18
1989-05-01,228797,1.119,247010,4013.3,57.197,4.92167,5.2,8.98,8.86
1989-06-01,233412,1.114,247228,4033.3,57.322,4.70537,5.3,8.44,8.28
1989-07-01,226181,1.092,247458,4057.1,57.459,4.44812,5.2,7.89,8.02
1989-08-01,239228,1.057,247695,4068.4,57.466,4.15224,5.2,8.18,8.11
1989-09-01,217212,1.029,247942,4089.7,57.594,3.87779,5.3,8.22,8.19
1989-10-01,226350,1.027,248174,4126.2,57.819,3.94427,5.3,7.99,8.01
1989-11-01,220589,0.999,248380,4139.4,57.945,3.92976,5.4,7.77,7.87
1989-12-01,229717,0.980,248569,4151.9,58.113,3.90681,5.4,7.72,7.84
1990-01-01,205940,1.042,248743,4208.4,58.553,4.15903,5.4,7.92,8.21
1990-02-01,201007,1.037,248920,4236.3,58.811,4.27113,5.3,8.11,8.47
1990-03-01,227469,1.023,249146,4254.0,59.033,4.27648,5.2,8.35,8.59
1990-04-01,213630,1.044,249436,4290.8,59.157,3.80424,5.4,8.40,8.79
1990-05-01,228104,1.061,249707,4296.0,59.290,3.65928,5.4,8.32,8.76
1990-06-01,225557,1.088,249990,4321.9,59.552,3.89030,5.2,8.10,8.48
1990-07-01,232362,1.084,250285,4348.3,59.699,3.89843,5.5,7.94,8.47
1990-08-01,241663,1.190,250595,4350.4,60.096,4.57662,5.7,7.78,8.75
1990-09-01,207431,1.294,250904,4375.8,60.465,4.98489,5.9,7.76,8.89
1990-10-01,224010,1.378,251201,4365.5,60.811,5.17477,5.9,7.55,8.72
1990-11-01,217239,1.377,251486,4373.0,60.888,5.07895,6.2,7.31,8.39
1990-12-01,216329,1.354,251758,4403.1,60.945,4.87326,6.3,7.05,8.08
1991-01-01,205986,1.247,252012,4408.2,61.177,4.48141,6.4,6.64,8.09
1991-02-01,191466,1.143,252253,4417.2,61.208,4.07577,6.6,6.27,7.85
1991-03-01,217529,1.082,252507,4425.6,61.221,3.70640,6.8,6.40,8.11
1991-04-01,214105,1.104,252778,4451.4,61.332,3.67666,6.7,6.24,8.04
1991-05-01,230540,1.156,253060,4470.7,61.586,3.87249,6.9,6.13,8.07
1991-06-01,223677,1.160,253350,4501.2,61.690,3.59014,6.9,6.36,8.28
1991-07-01,234398,1.127,253650,4499.2,61.787,3.49755,6.8,6.31,8.27
1991-08-01,233361,1.140,253966,4519.7,61.931,3.05345,6.9,5.78,7.90
1991-09-01,212485,1.143,254280,4547.3,62.144,2.77681,6.9,5.57,7.65
1991-10-01,225718,1.122,254576,4562.2,62.260,2.38279,7.0,5.33,7.53
1991-11-01,210246,1.134,254841,4578.6,62.397,2.47832,7.0,4.89,7.42
1991-12-01,223934,1.123,255089,4630.9,62.553,2.63844,7.3,4.38,7.09
1992-01-01,212927,1.073,255331,4681.8,62.638,2.38815,7.3,4.15,7.03
1992-02-01,201923,1.054,255576,4713.9,62.797,2.59607,7.4,4.29,7.34
1992-03-01,221241,1.058,255848,4729.5,62.949,2.82256,7.4,4.63,7.54
1992-04-01,217145,1.079,256139,4755.6,63.119,2.91365,7.4,4.30,7.48
1992-05-01,227177,1.136,256437,4784.1,63.203,2.62560,7.6,4.19,7.39
1992-06-01,223790,1.179,256742,4812.6,63.315,2.63414,7.8,4.17,7.26
1992-07-01,236795,1.174,257063,4824.8,63.524,2.81127,7.7,3.60,6.84
1992-08-01,228775,1.158,257390,4848.2,63.609,2.70947,7.6,3.47,6.59
1992-09-01,220331,1.158,257704,4833.4,63.713,2.52478,7.6,3.18,6.42
1992-10-01,227487,1.154,258004,4819.2,63.938,2.69515,7.3,3.30,6.59
1992-11-01,213052,1.159,258280,4836.0,64.064,2.67160,7.4,3.68,6.87
1992-12-01,229270,1.136,258546,5017.2,64.176,2.59460,7.4,3.71,6.77
1993-01-01,205801,1.117,258799,4919.8,64.332,2.70443,7.3,3.50,6.60
1993-02-01,199139,1.108,259036,4950.7,64.429,2.59885,7.1,3.39,6.26
1993-03-01,229070,1.098,259283,4945.5,64.561,2.56080,7.0,3.33,5.98
1993-04-01,223039,1.112,259547,4984.4,64.733,2.55707,7.1,3.24,5.97
1993-05-01,235145,1.129,259822,4992.6,64.933,2.73721,7.1,3.36,6.04
1993-06-01,231000,1.130,260109,4985.0,64.955,2.59022,7.0,3.54,5.96
1993-07-01,241325,1.109,260411,5005.5,65.059,2.41641,6.9,3.47,5.81
1993-08-01,243778,1.097,260717,5021.3,65.170,2.45406,6.8,3.44,5.68
1993-09-01,228219,1.085,261015,5012.8,65.238,2.39355,6.7,3.36,5.36
1993-10-01,228848,1.127,261294,5004.1,65.443,2.35384,6.8,3.39,5.33
1993-11-01,225982,1.113,261550,5027.4,65.567,2.34609,6.6,3.58,5.72
1993-12-01,237504,1.070,261796,5199.9,65.582,2.19085,6.5,3.61,5.77
1994-01-01,216382,1.043,262021,5103.9,65.604,1.97724,6.6,3.54,5.75
1994-02-01,203697,1.051,262237,5125.3,65.756,2.05963,6.6,3.87,5.97
1994-03-01,229243,1.045,262491,5156.2,65.937,2.13132,6.5,4.32,6.48
1994-04-01,226908,1.064,262754,5162.3,66.015,1.98044,6.4,4.82,6.97
1994-05-01,236977,1.080,263014,5229.4,66.111,1.81418,6.1,5.31,7.18
1994-06-01,237664,1.106,263294,5233.9,66.272,2.02756,6.1,5.27,7.10
1994-07-01,244419,1.136,263580,5254.9,66.481,2.18571,6.1,5.48,7.30
1994-08-01,247211,1.182,263871,5273.3,66.634,2.24643,6.0,5.56,7.24
1994-09-01,228462,1.177,264159,5302.2,66.708,2.25329,5.9,5.76,7.46
1994-10-01,233984,1.152,264430,5361.6,66.821,2.10565,5.8,6.11,7.74
1994-11-01,223924,1.163,264681,5371.6,66.948,2.10624,5.6,6.54,7.96
1994-12-01,245630,1.143,264924,5399.4,66.991,2.14846,5.5,7.14,7.81
1995-01-01,222059,1.129,265157,5427.5,67.127,2.32150,5.6,7.05,7.78
1995-02-01,209461,1.120,265383,5447.9,67.246,2.26595,5.4,6.70,7.47
1995-03-01,241413,1.115,265625,5473.0,67.370,2.17329,5.4,6.43,7.20
1995-04-01,229540,1.140,265877,5446.7,67.547,2.32068,5.8,6.27,7.06
1995-05-01,244706,1.200,266134,5510.3,67.651,2.32942,5.6,6.00,6.63
1995-06-01,246610,1.226,266414,5532.1,67.717,2.18041,5.6,5.64,6.17
1995-07-01,244514,1.195,266700,5551.2,67.802,1.98703,5.7,5.59,6.28
1995-08-01,253801,1.164,266998,5566.7,67.948,1.97197,5.7,5.75,6.49
1995-09-01,233580,1.148,267304,5588.5,67.995,1.92930,5.6,5.62,6.20
1995-10-01,241207,1.127,267585,5609.1,68.171,2.02032,5.5,5.59,6.04
1995-11-01,235975,1.101,267829,5624.0,68.169,1.82380,5.6,5.43,5.93
1995-12-01,239990,1.101,268047,5642.2,68.300,1.95399,5.6,5.31,5.71
1996-01-01,225398,1.129,268258,5662.1,68.452,1.97387,5.6,5.09,5.65
1996-02-01,220377,1.124,268480,5714.6,68.560,1.95402,5.5,4.94,5.81
1996-03-01,241548,1.162,268724,5750.2,68.767,2.07362,5.5,5.34,6.27
1996-04-01,236192,1.251,268980,5732.6,68.973,2.11112,5.6,5.54,6.51
1996-05-01,250199,1.323,269247,5815.0,69.092,2.13005,5.6,5.64,6.74
1996-06-01,242641,1.299,269527,5849.6,69.091,2.02903,5.3,5.81,6.91
1996-07-01,253124,1.272,269822,5846.0,69.237,2.11646,5.5,5.85,6.87
1996-08-01,258643,1.240,270130,5865.9,69.303,1.99417,5.1,5.67,6.64
1996-09-01,229867,1.234,270433,5895.9,69.499,2.21193,5.2,5.83,6.83
1996-10-01,250897,1.227,270730,5912.8,69.709,2.25609,5.2,5.55,6.53
1996-11-01,237439,1.250,271002,5939.0,69.833,2.44099,5.4,5.42,6.20
1996-12-01,241629,1.260,271243,5965.5,69.914,2.36310,5.4,5.47,6.30
1997-01-01,226340,1.261,271472,5989.6,70.005,2.26874,5.3,5.61,6.58
1997-02-01,214691,1.255,271703,6018.1,70.151,2.32060,5.2,5.53,6.42
1997-03-01,241671,1.235,271952,6052.4,70.225,2.12020,5.2,5.80,6.69
1997-04-01,241914,1.231,272213,6062.3,70.294,1.91524,5.1,5.99,6.89
1997-05-01,252308,1.226,272482,6085.8,70.262,1.69339,4.9,5.87,6.71
1997-06-01,248636,1.229,272767,6113.1,70.352,1.82513,5.0,5.69,6.49
1997-07-01,263361,1.205,273074,6140.2,70.394,1.67107,4.9,5.54,6.22
1997-08-01,255227,1.253,273395,6177.3,70.450,1.65505,4.8,5.56,6.30
1997-09-01,240676,1.277,273703,6208.4,70.620,1.61297,4.9,5.52,6.21
1997-10-01,252370,1.242,273989,6247.1,70.712,1.43884,4.7,5.46,6.03
1997-11-01,238939,1.213,274249,6288.0,70.716,1.26445,4.6,5.46,5.88
1997-12-01,250015,1.177,274499,6323.4,70.701,1.12567,4.7,5.53,5.81
1998-01-01,236144,1.131,274732,6382.2,70.736,1.04421,4.6,5.24,5.54
1998-02-01,215908,1.082,274943,6420.1,70.699,0.78117,4.6,5.31,5.57
1998-03-01,248109,1.041,275175,6458.7,70.710,0.69064,4.7,5.39,5.65
1998-04-01,249360,1.052,275434,6487.7,70.798,0.71699,4.3,5.38,5.64
1998-05-01,256650,1.092,275700,6523.5,70.895,0.90091,4.4,5.44,5.65
1998-06-01,255612,1.094,275976,6554.9,70.835,0.68655,4.5,5.41,5.50
1998-07-01,269091,1.079,276266,6582.3,71.010,0.87507,4.5,5.36,5.46
1998-08-01,265623,1.052,276566,6612.2,71.108,0.93400,4.5,5.21,5.34
1998-09-01,249305,1.033,276859,6627.0,71.067,0.63297,4.6,4.71,4.81
1998-10-01,259724,1.042,277140,6650.0,71.223,0.72265,4.5,4.12,4.53
1998-11-01,245001,1.028,277402,6676.8,71.226,0.72119,4.4,4.53,4.83
1998-12-01,261969,0.986,277658,6695.6,71.298,0.84440,4.4,4.52,4.65
1999-01-01,238740,0.972,277891,6742.4,71.398,0.93587,4.3,4.51,4.72
1999-02-01,224868,0.955,278095,6761.5,71.358,0.93212,4.4,4.70,5.00
1999-03-01,251957,0.991,278324,6772.2,71.412,0.99279,4.2,4.78,5.23
1999-04-01,255166,1.177,278584,6782.6,71.757,1.35456,4.3,4.69,5.18
1999-05-01,261008,1.178,278859,6798.7,71.804,1.28218,4.2,4.85,5.54
1999-06-01,266579,1.148,279148,6823.7,71.826,1.39903,4.3,5.10,5.90
1999-07-01,277189,1.189,279448,6854.6,72.017,1.41811,4.3,5.03,5.79
1999-08-01,265964,1.255,279752,6895.9,72.148,1.46256,4.2,5.20,5.94
1999-09-01,249150,1.280,280053,6911.6,72.407,1.88554,4.2,5.25,5.92
1999-10-01,264787,1.274,280337,6961.1,72.529,1.83368,4.1,5.43,6.11
1999-11-01,247203,1.264,280594,7012.5,72.594,1.92065,4.1,5.55,6.03
1999-12-01,274630,1.298,280846,7083.4,72.763,2.05476,4.0,5.84,6.28
2000-01-01,237235,1.301,281083,7149.3,72.961,2.18914,4.0,6.12,6.66
2000-02-01,240439,1.369,281299,7199.7,73.191,2.56874,4.1,6.22,6.52
2000-03-01,257464,1.541,281531,7249.8,73.505,2.93088,4.0,6.22,6.26
2000-04-01,251246,1.506,281763,7280.3,73.444,2.35099,3.8,6.15,5.99
2000-05-01,268482,1.498,281996,7316.5,73.505,2.36895,4.0,6.33,6.44
2000-06-01,264735,1.617,282247,7361.9,73.754,2.68426,4.0,6.17,6.10
2000-07-01,267906,1.593,282504,7419.9,73.939,2.66881,4.0,6.08,6.05
2000-08-01,276540,1.510,282769,7465.6,73.934,2.47547,4.1,6.18,5.83
2000-09-01,255526,1.582,283033,7506.6,74.252,2.54810,3.9,6.13,5.80
2000-10-01,260918,1.559,283285,7538.4,74.353,2.51486,3.9,6.01,5.74
2000-11-01,251518,1.555,283523,7552.2,74.457,2.56633,3.9,6.09,5.72
2000-12-01,268765,1.489,283748,7579.4,74.571,2.48478,3.9,5.60,5.24
2001-01-01,251077,1.472,283960,7651.7,74.932,2.70144,4.2,4.81,5.16
2001-02-01,230538,1.484,284166,7672.4,75.048,2.53720,4.2,4.68,5.10
2001-03-01,264496,1.447,284380,7696.3,75.055,2.10870,4.3,4.30,4.89
2001-04-01,257252,1.564,284602,7693.8,75.187,2.37324,4.4,3.98,5.14
2001-05-01,269882,1.729,284834,7700.2,75.385,2.55765,4.3,3.78,5.39
2001-06-01,260694,1.640,285076,7716.5,75.518,2.39173,4.5,3.58,5.28
2001-07-01,279714,1.482,285324,7829.0,75.493,2.10173,4.6,3.62,5.24
2001-08-01,277552,1.427,285584,7958.2,75.484,2.09646,4.9,3.47,4.97
2001-09-01,256718,1.531,285842,7863.3,75.227,1.31310,5.0,2.82,4.73
2001-10-01,268294,1.362,286086,7751.2,75.492,1.53188,5.3,2.33,4.57
2001-11-01,260304,1.263,286315,7755.0,75.441,1.32157,5.5,2.18,4.65
2001-12-01,266139,1.131,286533,7761.5,75.363,1.06208,5.7,2.22,5.09
2002-01-01,255039,1.139,286739,7931.2,75.431,0.66594,5.7,2.16,5.04
2002-02-01,240991,1.130,286935,7957.1,75.558,0.67957,5.7,2.23,4.91
2002-03-01,268320,1.241,287131,7984.4,75.763,0.94331,5.7,2.57,5.28
2002-04-01,262971,1.407,287343,8044.6,76.080,1.18771,5.9,2.48,5.21
2002-05-01,281433,1.421,287571,8082.0,76.130,0.98826,5.8,2.35,5.16
2002-06-01,274204,1.404,287808,8116.2,76.225,0.93620,5.8,2.20,4.93
2002-07-01,283440,1.412,288051,8113.3,76.393,1.19216,5.8,1.96,4.65
2002-08-01,288688,1.423,288303,8130.8,76.543,1.40295,5.7,1.76,4.26
2002-09-01,260596,1.422,288554,8153.5,76.681,1.93282,5.7,1.72,3.87
2002-10-01,273226,1.449,288794,8190.0,76.821,1.76045,5.7,1.65,3.94
2002-11-01,264858,1.448,289012,8220.6,76.897,1.92999,5.9,1.49,4.05
2002-12-01,275695,1.394,289214,8250.8,76.971,2.13367,6.0,1.45,4.03
2003-01-01,260819,1.473,289412,8268.0,77.201,2.34652,5.8,1.36,4.05
2003-02-01,238713,1.641,289606,8274.7,77.526,2.60462,5.9,1.30,3.90
2003-03-01,266652,1.748,289809,8313.4,77.725,2.58965,5.9,1.24,3.81
2003-04-01,265141,1.659,290024,8342.9,77.593,1.98870,6.0,1.27,3.96
2003-05-01,280294,1.542,290250,8394.8,77.504,1.80481,6.1,1.18,3.57
2003-06-01,275105,1.514,290484,8426.0,77.588,1.78813,6.3,1.01,3.33
2003-07-01,284942,1.524,290726,8552.3,77.816,1.86274,6.2,1.12,3.98
2003-08-01,291755,1.628,290974,8640.1,78.079,2.00672,6.1,1.31,4.45
2003-09-01,267775,1.728,291222,8568.6,78.323,2.14134,6.1,1.24,4.27
2003-10-01,282336,1.603,291463,8602.1,78.333,1.96821,6.0,1.25,4.29
2003-11-01,268366,1.535,291677,8664.9,78.432,1.99618,5.8,1.34,4.30
2003-12-01,279339,1.494,291868,8690.8,78.605,2.12288,5.7,1.31,4.27
2004-01-01,269855,1.592,292046,8719.7,78.909,2.21241,5.7,1.24,4.15
2004-02-01,256288,1.672,292230,8753.9,79.077,2.00062,5.6,1.24,4.08
2004-03-01,279745,1.766,292434,8802.8,79.199,1.89643,5.8,1.19,3.83
2004-04-01,273777,1.833,292651,8849.0,79.346,2.25922,5.6,1.43,4.35
2004-05-01,284562,2.009,292872,8922.0,79.604,2.70954,5.6,1.78,4.72
2004-06-01,279654,2.041,293103,8952.9,79.831,2.89091,5.6,2.12,4.73
2004-07-01,290081,1.939,293350,8981.0,79.905,2.68454,5.5,2.10,4.50
2004-08-01,289125,1.898,293603,9012.9,79.946,2.39117,5.4,2.02,4.28
2004-09-01,270464,1.891,293857,9034.6,80.104,2.27392,5.4,2.12,4.13
2004-10-01,282002,2.029,294104,9075.8,80.448,2.70001,5.5,2.23,4.10
2004-11-01,271654,2.010,294337,9081.3,80.758,2.96563,5.4,2.50,4.19
2004-12-01,285372,1.882,294561,9419.8,80.801,2.79372,5.4,2.67,4.23
2005-01-01,273190,1.823,294768,9082.2,80.907,2.53203,5.3,2.86,4.22
2005-02-01,248120,1.918,294955,9109.5,81.132,2.59873,5.4,3.03,4.17
2005-03-01,278801,2.065,295149,9169.2,81.375,2.74751,5.2,3.30,4.50
2005-04-01,273827,2.283,295359,9223.7,81.603,2.84450,5.2,3.32,4.34
2005-05-01,287628,2.216,295582,9268.6,81.649,2.56897,5.1,3.33,4.14
2005-06-01,281178,2.176,295824,9293.1,81.700,2.34120,5.0,3.36,4.00
2005-07-01,295548,2.316,296077,9342.1,82.046,2.67943,5.0,3.64,4.18
2005-08-01,295651,2.506,296338,9394.8,82.377,3.04080,4.9,3.87,4.26
2005-09-01,267454,2.927,296606,9452.2,83.172,3.83002,5.0,3.85,4.20
2005-10-01,280121,2.785,296857,9520.0,83.305,3.55136,5.0,4.18,4.46
2005-11-01,273452,2.343,297089,9559.6,83.131,2.93841,5.0,4.33,4.54
2005-12-01,288161,2.186,297311,9588.8,83.131,2.88363,4.9,4.35,4.47
2006-01-01,274021,2.315,297526,9732.7,83.534,3.24694,4.7,4.45,4.42
2006-02-01,249517,2.310,297734,9781.2,83.584,3.02224,4.8,4.68,4.57
2006-03-01,280689,2.401,297950,9837.6,83.746,2.91367,4.7,4.77,4.72
2006-04-01,274619,2.757,298170,9880.7,84.135,3.10283,4.7,4.90,4.99
2006-05-01,288535,2.947,298401,9900.9,84.361,3.32153,4.6,5.00,5.11
2006-06-01,284350,2.917,298653,9938.1,84.569,3.51163,4.6,5.16,5.11
2006-07-01,297822,2.999,298910,9967.9,84.858,3.42735,4.7,5.22,5.09
2006-08-01,296476,2.985,299178,9990.9,85.125,3.33588,4.7,5.08,4.88
2006-09-01,277072,2.589,299452,10018.2,84.902,2.08003,4.5,4.97,4.72
2006-10-01,287265,2.272,299710,10039.9,84.702,1.67697,4.4,5.01,4.73
2006-11-01,277331,2.241,299950,10084.2,84.731,1.92467,4.5,5.01,4.60
2006-12-01,289478,2.334,300178,10168.2,85.032,2.28675,4.4,4.94,4.56
2007-01-01,275451,2.274,300398,10200.4,85.316,2.13326,4.6,5.06,4.76
2007-02-01,252180,2.285,300608,10265.8,85.581,2.38921,4.5,5.05,4.72
2007-03-01,284506,2.592,300823,10337.0,85.894,2.56490,4.4,4.92,4.56
2007-04-01,276463,2.860,301045,10376.5,86.096,2.33078,4.5,4.93,4.69
2007-05-01,292463,3.130,301278,10412.7,86.346,2.35298,4.4,4.91,4.75
2007-06-01,284741,3.052,301528,10429.1,86.529,2.31763,4.6,4.96,5.10
2007-07-01,298827,2.961,301790,10456.3,86.661,2.12473,4.7,4.96,5.00
2007-08-01,297041,2.782,302064,10467.3,86.720,1.87372,4.6,4.47,4.67
2007-09-01,277627,2.789,302334,10524.1,87.054,2.53469,4.7,4.14,4.52
2007-10-01,286318,2.793,302590,10547.9,87.318,3.08847,4.7,4.10,4.53
2007-11-01,276876,3.069,302834,10594.8,87.781,3.59963,4.7,3.50,4.15
2007-12-01,286777,3.020,303062,10663.8,87.984,3.47163,5.0,3.26,4.10
2008-01-01,273106,3.047,303280,10705.5,88.206,3.38741,5.0,2.71,3.74
2008-02-01,257120,3.033,303494,10731.1,88.382,3.27292,4.9,2.05,3.74
2008-03-01,281053,3.258,303707,10765.4,88.635,3.19114,5.1,1.54,3.51
2008-04-01,273367,3.441,303926,10745.4,88.799,3.13952,5.0,1.74,3.68
2008-05-01,286784,3.764,304157,11322.5,89.180,3.28214,5.4,2.06,3.88
2008-06-01,273291,4.065,304396,11117.6,89.827,3.81144,5.6,2.42,4.10
2008-07-01,283643,4.090,304646,10999.7,90.245,4.13566,5.8,2.28,4.01
2008-08-01,283161,3.786,304903,10929.5,90.172,3.98063,6.1,2.18,3.89
2008-09-01,254916,3.698,305158,10964.1,90.247,3.66784,6.1,1.91,3.69
2008-10-01,279751,3.173,305403,10973.7,89.651,2.67184,6.5,1.42,3.81
2008-11-01,267115,2.151,305620,10937.5,88.593,0.92503,6.8,1.07,3.53
2008-12-01,276748,1.689,305827,10826.1,88.098,0.12957,7.3,0.49,2.42
2009-01-01,267311,1.787,306035,10891.5,88.108,-0.11110,7.8,0.44,2.52
2009-02-01,247422,1.928,306237,10805.4,88.266,-0.13125,8.3,0.62,2.87
2009-03-01,275985,1.949,306438,10794.3,88.169,-0.52575,8.7,0.64,2.82
2009-04-01,270873,2.056,306645,10878.0,88.295,-0.56757,9.0,0.55,2.93
2009-05-01,281603,2.265,306863,11048.4,88.387,-0.88921,9.4,0.50,3.29
2009-06-01,275395,2.631,307090,10912.3,88.912,-1.01862,9.5,0.51,3.72
2009-07-01,287073,2.543,307322,10864.9,88.922,-1.46601,9.5,0.48,3.56
2009-08-01,288139,2.627,307570,10875.2,89.180,-1.10012,9.6,0.46,3.59
2009-09-01,267318,2.574,307826,10924.7,89.324,-1.02275,9.8,0.40,3.40
2009-10-01,278577,2.561,308071,10932.5,89.663,0.01339,10.0,0.37,3.39
2009-11-01,267169,2.660,308289,10987.9,89.887,1.46061,9.9,0.31,3.40
2009-12-01,276866,2.621,308495,11044.5,89.939,2.08972,9.9,0.37,3.59
2010-01-01,264106,2.731,308706,11073.7,90.136,2.30172,9.8,0.35,3.73
2010-02-01,240222,2.659,308904,11079.0,90.134,2.11633,9.8,0.35,3.69
2010-03-01,272578,2.780,309095,11138.2,90.261,2.37272,9.9,0.40,3.73
2010-04-01,273234,2.858,309289,11240.7,90.310,2.28212,9.9,0.45,3.85
2010-05-01,284037,2.869,309485,11328.4,90.339,2.20847,9.6,0.37,3.42
2010-06-01,279329,2.736,309691,11327.3,90.301,1.56222,9.4,0.32,3.20
2010-07-01,288327,2.736,309913,11345.9,90.378,1.63739,9.4,0.29,3.01
2010-08-01,286918,2.745,310146,11395.1,90.502,1.48240,9.5,0.26,2.70
2010-09-01,273368,2.704,310385,11405.0,90.592,1.41955,9.5,0.26,2.65
2010-10-01,279484,2.795,310612,11443.8,90.881,1.35842,9.4,0.23,2.54
2010-11-01,264478,2.852,310820,11478.1,91.062,1.30720,9.8,0.25,2.76
2010-12-01,276236,2.985,311020,11573.0,91.268,1.47767,9.3,0.29,3.29
2011-01-01,259475,3.091,311204,11662.3,91.542,1.55987,9.1,0.27,3.39
2011-02-01,240913,3.167,311373,11728.2,91.797,1.84503,9.0,0.29,3.58
2011-03-01,272758,3.546,311551,11744.3,92.166,2.11055,9.0,0.26,3.41
2011-04-01,263888,3.816,311740,11774.2,92.557,2.48810,9.1,0.25,3.46
2011-05-01,273335,3.933,311935,11795.2,92.838,2.76625,9.0,0.19,3.17
2011-06-01,272011,3.702,312147,11840.7,92.819,2.78845,9.1,0.18,3.00
2011-07-01,279968,3.654,312372,11906.1,92.977,2.87570,9.0,0.19,3.00
2011-08-01,276684,3.630,312605,11928.6,93.196,2.97673,9.0,0.11,2.30
2011-09-01,262317,3.612,312842,11928.6,93.327,3.01903,9.0,0.10,1.98
2011-10-01,268106,3.468,313060,11938.4,93.329,2.69363,8.8,0.11,2.15
2011-11-01,256114,3.423,313260,11954.4,93.520,2.69926,8.6,0.11,2.01
2011-12-01,269185,3.278,313454,12069.5,93.574,2.52662,8.5,0.12,1.98
2012-01-01,253903,3.399,313636,12175.6,93.894,2.56931,8.3,0.12,1.97
2012-02-01,249335,3.572,313811,12261.2,94.104,2.51315,8.3,0.16,1.97
2012-03-01,266044,3.868,313993,12319.4,94.284,2.29803,8.2,0.19,2.17
2012-04-01,262216,3.927,314176,12382.9,94.408,1.99985,8.2,0.18,2.05
2012-05-01,278355,3.792,314368,12365.1,94.302,1.57694,8.2,0.19,1.80
2012-06-01,269866,3.552,314576,12344.6,94.254,1.54602,8.2,0.19,1.62
2012-07-01,273119,3.451,314796,12257.1,94.288,1.41003,8.2,0.19,1.53
2012-08-01,283769,3.707,315031,12262.1,94.605,1.51187,8.1,0.18,1.68
2012-09-01,256825,3.856,315264,12386.3,94.893,1.67797,7.8,0.18,1.72
2012-10-01,269723,3.786,315485,12507.6,95.174,1.97688,7.8,0.18,1.75
2012-11-01,254478,3.488,315692,12664.4,95.109,1.69910,7.7,0.18,1.65
2012-12-01,260055,3.331,315877,12973.2,95.094,1.62438,7.9,0.16,1.72
2013-01-01,258264,3.351,316038,12238.4,95.275,1.47081,8.0,0.15,1.91
2013-02-01,235070,3.693,316191,12251.7,95.614,1.60461,7.7,0.16,1.98
2013-03-01,267857,3.735,316357,12272.1,95.488,1.27699,7.5,0.15,1.96
2013-04-01,265661,3.590,316535,12298.9,95.391,1.04123,7.6,0.12,1.76
2013-05-01,280036,3.623,316729,12365.9,95.461,1.22903,7.5,0.12,1.93
2013-06-01,272326,3.633,316934,12394.8,95.673,1.50551,7.5,0.14,2.30
2013-07-01,283530,3.628,317156,12397.0,95.792,1.59511,7.3,0.12,2.58
2013-08-01,282851,3.600,317397,12441.9,95.934,1.40479,7.2,0.13,2.74
2013-09-01,268394,3.556,317635,12503.0,95.976,1.14129,7.2,0.12,2.81
2013-10-01,277261,3.375,317864,12468.6,96.103,0.97611,7.2,0.12,2.62
2013-11-01,267684,3.251,318076,12510.6,96.246,1.19547,6.9,0.12,2.72
2013-12-01,268755,3.277,318276,12551.8,96.414,1.38810,6.7,0.13,2.90
2014-01-01,256477,3.320,318464,12636.2,96.614,1.40541,6.6,0.12,2.86
2014-02-01,242108,3.364,318642,12708.5,96.660,1.09398,6.7,0.12,2.71
2014-03-01,269597,3.532,318827,12798.5,96.815,1.38970,6.7,0.13,2.72
2014-04-01,268654,3.659,319020,12870.0,96.987,1.67311,6.2,0.11,2.71
2014-05-01,279707,3.691,319225,12932.6,97.147,1.76617,6.3,0.10,2.56
2014-06-01,271181,3.695,319438,12993.0,97.253,1.65146,6.1,0.10,2.60
2014-07-01,286709,3.633,319670,13037.2,97.391,1.66924,6.2,0.11,2.54
2014-08-01,288643,3.481,319919,13093.2,97.379,1.50624,6.1,0.11,2.42
2014-09-01,264648,3.403,320166,13137.0,97.413,1.49725,5.9,0.11,2.53
2014-10-01,283585,3.182,320403,13195.9,97.384,1.33294,5.7,0.10,2.30
2014-11-01,267635,2.887,320616,13255.0,97.291,1.08576,5.8,0.13,2.33
2014-12-01,277164,2.560,320815,13323.7,97.120,0.73226,5.6,0.21,2.21
2015-01-01,267812,2.110,320997,13335.7,96.654,0.04140,5.7,0.20,1.88
2015-02-01,247200,2.249,321164,13408.1,96.825,0.17070,5.5,0.22,1.98
2015-03-01,280753,2.483,321344,13397.8,97.008,0.19935,5.4,0.25,2.04
2015-04-01,275684,2.485,321538,13439.5,97.094,0.11032,5.4,0.23,1.94
2015-05-01,287136,2.775,321740,13494.8,97.327,0.18529,5.6,0.24,2.20
2015-06-01,282512,2.832,321954,13529.3,97.516,0.27043,5.3,0.28,2.36
2015-07-01,293579,2.832,322186,13572.5,97.605,0.21973,5.2,0.30,2.32
2015-08-01,293263,2.679,322427,13602.8,97.612,0.23927,5.1,0.38,2.17
2015-09-01,278658,2.394,322670,13619.5,97.477,0.06570,5.0,0.37,2.17
2015-10-01,286585,2.289,322901,13643.6,97.477,0.09550,5.0,0.26,2.07
2015-11-01,273349,2.185,323113,13648.6,97.538,0.25388,5.1,0.48,2.26
2015-12-01,283575,2.060,323318,13702.2,97.456,0.34596,5.0,0.65,2.24
2016-01-01,268252,1.967,323509,13767.2,97.496,0.87115,4.8,0.54,2.09
2016-02-01,267417,1.767,323687,13773.8,97.445,0.64033,4.9,0.53,1.78
2016-03-01,290568,1.958,323871,13806.0,97.673,0.68551,5.0,0.66,1.89
2016-04-01,275266,2.134,324061,13822.6,97.993,0.92591,5.1,0.56,1.81
2016-05-01,291924,2.264,324260,13834.7,98.153,0.84869,4.8,0.59,1.81
2016-06-01,288238,2.363,324476,13868.1,98.325,0.82961,4.9,0.55,1.64
2016-07-01,296905,2.225,324697,13924.8,98.342,0.75508,4.8,0.51,1.50
2016-08-01,300300,2.155,324924,13960.5,98.479,0.88821,4.9,0.57,1.56
2016-09-01,284512,2.208,325155,14019.0,98.666,1.21977,5.0,0.59,1.63
2016-10-01,281893,2.243,325368,14073.7,98.868,1.42700,4.9,0.66,1.76
2016-11-01,276997,2.187,325562,14116.1,98.901,1.39740,4.7,0.74,2.14
2016-12-01,287779,2.230,325742,14180.1,99.071,1.65716,4.7,0.87,2.49
2017-01-01,263708,2.351,325901,14294.2,99.451,2.00521,4.7,0.83,2.43
2017-02-01,252217,2.299,326050,14356.4,99.586,2.19714,4.6,0.82,2.42
2017-03-01,289083,2.323,326207,14408.5,99.535,1.90636,4.4,1.01,2.48
2017-04-01,278855,2.418,326371,14468.8,99.725,1.76747,4.4,1.04,2.30
2017-05-01,296044,2.386,326548,14563.6,99.682,1.55777,4.4,1.12,2.30
2017-06-01,293168,2.337,326743,14583.9,99.766,1.46555,4.3,1.20,2.19
2017-07-01,297452,2.281,326939,14630.7,99.803,1.48563,4.3,1.22,2.32
2017-08-01,302303,2.374,327140,14681.5,100.027,1.57191,4.4,1.23,2.21
2017-09-01,281327,2.630,327342,14764.1,100.400,1.75744,4.3,1.28,2.20
2017-10-01,290071,2.484,327528,14826.3,100.531,1.68204,4.2,1.40,2.36
2017-11-01,273314,2.548,327699,14870.2,100.675,1.79371,4.2,1.56,2.35
2017-12-01,286643,2.459,327848,14918.8,100.821,1.76641,4.1,1.70,2.40
2018-01-01,272415,2.539,327969,15064.6,101.199,1.75765,4.0,1.80,2.58
2018-02-01,246292,2.575,328085,15132.0,101.416,1.83761,4.1,1.96,2.86
2018-03-01,293401,2.572,328219,15202.6,101.524,1.99829,4.0,2.06,2.84
2018-04-01,276179,2.737,328364,15271.7,101.766,2.04663,4.0,2.15,2.87
2018-05-01,294973,2.907,328521,15349.7,101.941,2.26621,3.8,2.27,2.98
2018-06-01,293911,2.914,328692,15425.7,102.029,2.26831,4.0,2.33,2.91
2018-07-01,298852,2.873,328863,15508.8,102.137,2.33861,3.8,2.39,2.89
2018-08-01,303123,2.862,329040,15574.8,102.208,2.18041,3.8,2.45,2.89
2018-09-01,274577,2.873,329216,15605.6,102.418,2.00996,3.7,2.56,3.00
2018-10-01,288109,2.887,329379,15670.2,102.595,2.05310,3.8,2.65,3.15
2018-11-01,278712,2.671,329527,15717.7,102.630,1.94189,3.8,2.70,3.12
2018-12-01,284535,2.414,329659,15925.0,102.701,1.86469,3.9,2.66,2.83
2019-01-01,272130,2.289,329766,15947.1,102.648,1.43183,4.0,2.58,2.71
2019-02-01,254011,2.353,329862,16001.2,102.836,1.40017,3.8,2.55,2.68
2019-03-01,284706,2.564,329977,16043.6,103.069,1.52181,3.8,2.49,2.57
2019-04-01,282318,2.835,330103,16055.6,103.360,1.56634,3.7,2.42,2.53
2019-05-01,294420,2.901,330240,16065.5,103.435,1.46555,3.6,2.34,2.40
2019-06-01,291099,2.752,330393,16103.7,103.484,1.42607,3.6,2.00,2.07
2019-07-01,295522,2.776,330553,16145.0,103.622,1.45393,3.7,1.96,2.06
2019-08-01,304844,2.655,330729,16238.4,103.670,1.43042,3.6,1.77,1.63
2019-09-01,275925,2.630,330904,16282.7,103.733,1.28395,3.5,1.80,1.70
2019-10-01,288554,2.673,331066,16332.8,103.917,1.28856,3.6,1.61,1.71
2019-11-01,276272,2.620,331213,16400.2,104.024,1.35828,3.6,1.57,1.81
2019-12-01,278108,2.587,331345,16358.1,104.307,1.56376,3.6,1.55,1.86
2020-01-01,270430,2.567,331443,16552.7,104.490,1.79448,3.6,1.53,1.76
2020-02-01,262463,2.465,331525,16625.5,104.573,1.68910,3.5,1.41,1.50
2020-03-01,241149,2.267,331667,16370.4,104.271,1.16621,4.4,0.33,0.87
2020-04-01,175973,1.876,331750,18703.3,103.838,0.46246,14.8,0.18,0.66
2020-05-01,223138,1.879,331751,17780.7,103.942,0.49016,13.2,0.16,0.67
2020-06-01,248746,2.076,331795,17774.4,104.270,0.75954,11.0,0.18,0.73
2020-07-01,262269,2.176,331861,17987.1,104.578,0.92258,10.2,0.15,0.62
2020-08-01,264247,2.177,331936,17344.6,104.870,1.15752,8.4,0.13,0.65
2020-09-01,256233,2.193,332017,17471.8,105.057,1.27635,7.8,0.13,0.68
2020-10-01,257809,2.159,332092,17424.0,105.151,1.18749,6.9,0.13,0.79
2020-11-01,240041,2.090,332129,17239.3,105.258,1.18626,6.7,0.12,0.87
2020-12-01,243518,2.168,332113,17327.5,105.699,1.33452,6.7,0.10,0.93
2021-01-01,239423,2.326,332058,19306.1,106.147,1.58580,6.4,0.10,1.08
2021-02-01,219060,2.496,332034,17776.2,106.500,1.84273,6.2,0.07,1.26
2021-03-01,265148,2.791,332074,21959.4,107.054,2.66901,6.1,0.08,1.61
2021-04-01,265181,2.839,332140,18741.2,107.618,3.64029,6.1,0.06,1.64
2021-05-01,281504,2.972,332212,18299.5,108.175,4.07246,5.8,0.05,1.62
2021-06-01,280850,3.154,332299,18306.9,108.760,4.30613,5.9,0.07,1.52
2021-07-01,288209,3.233,332455,18511.8,109.256,4.47322,5.4,0.08,1.32
2021-08-01,284652,3.255,332644,18547.5,109.674,4.58091,5.1,0.07,1.28
2021-09-01,267974,3.265,332805,18401.3,110.034,4.73743,4.7,0.08,1.37
2021-10-01,279835,3.385,332961,18529.1,110.762,5.33614,4.5,0.11,1.58
2021-11-01,270632,3.482,333117,18600.5,111.500,5.93019,4.2,0.18,1.56
2021-12-01,275262,3.408,333260,18631.4,112.191,6.14197,3.9,0.30,1.47
2022-01-01,249918,3.413,333360,18277.5,112.805,6.27243,4.0,0.55,1.76
2022-02-01,242205,3.592,333457,18387.6,113.471,6.54554,3.8,1.00,1.93
2022-03-01,279159,4.312,333610,18457.9,114.469,6.92641,3.7,1.34,2.13
2022-04-01,263962,4.271,333792,18511.9,114.812,6.68476,3.7,1.89,2.75
2022-05-01,282692,4.604,333976,18601.3,115.525,6.79455,3.6,2.06,2.90
2022-06-01,272253,5.058,334168,18734.1,116.638,7.24347,3.6,2.65,3.14
2022-07-01,273158,4.667,334393,18975.2,116.631,6.75020,3.5,3.02,2.90
2022-08-01,282576,4.101,334652,19141.5,116.956,6.63968,3.6,3.28,2.90
2022-09-01,265399,3.881,334912,19276.0,117.371,6.66794,3.5,3.89,3.52
2022-10-01,273011,4.016,335155,19428.1,117.919,6.46160,3.6,4.43,3.98
2022-11-01,264805,3.853,335386,19509.7,118.224,6.03049,3.6,4.73,3.89
2022-12-01,266473,3.356,335604,19625.4,118.384,5.52005,3.5,4.68,3.62
2023-01-01,257022,3.452,335807,20121.6,119.018,5.50773,3.5,4.69,3.53
2023-02-01,243457,3.514,336015,20289.8,119.369,5.19780,3.6,4.93,3.75
2023-03-01,281385,3.551,336232,20438.8,119.538,4.42827,3.5,4.68,3.66
2023-04-01,268322,3.735,336451,20553.0,119.951,4.47601,3.4,4.68,3.46
2023-05-01,281476,3.685,336679,20660.8,120.150,4.00346,3.6,4.91,3.57
2023-06-01,280972,3.712,336925,20739.2,120.469,3.28452,3.6,5.24,3.75
2023-07-01,278349,3.732,337200,20804.4,120.607,3.40904,3.5,5.37,3.90
2023-08-01,286579,3.955,337501,20896.8,120.970,3.43206,3.7,5.37,4.17
2023-09-01,265293,3.988,337800,20982.8,121.419,3.44889,3.8,5.44,4.38
2023-10-01,282095,3.782,338088,21065.7,121.484,3.02326,3.9,5.42,4.80
2023-11-01,267295,3.500,338366,21171.5,121.493,2.76509,3.7,5.28,4.50
2023-12-01,272672,3.289,338626,21267.0,121.660,2.76727,3.8,4.96,4.02
2024-01-01,257001,3.221,338867,21480.9,122.230,2.69875,3.7,4.79,4.06
2024-02-01,251116,3.359,339114,21571.0,122.598,2.70506,3.9,4.92,4.21
2024-03-01,277049,3.581,339378,21674.2,123.038,2.92794,3.9,4.99,4.21
2024-04-01,266078,3.776,339648,21754.1,123.341,2.82615,3.9,5.14,4.54
2024-05-01,291119,3.755,339927,21847.5,123.348,2.66167,4.0,5.16,4.48
2024-06-01,275982,3.601,340213,21928.1,123.539,2.54837,4.1,5.11,4.31
2024-07-01,288847,3.622,340448,21953.2,123.736,2.59438,4.2,4.90,4.25
2024-08-01,286971,3.521,340637,21992.2,123.889,2.41299,4.2,4.43,3.87
2024-09-01,269501,3.344,340825,22062.3,124.164,2.26077,4.1,4.03,3.72
2024-10-01,281165,3.279,341002,22171.5,124.494,2.47769,4.1,4.20,4.10
2024-11-01,264970,3.181,341169,22247.7,124.637,2.58780,4.2,4.33,4.36
2024-12-01,271951,3.145,341320,22329.3,124.979,2.72809,4.1,4.23,4.39
2025-01-01,262966,3.211,341454,22435.3,125.417,2.60738,4.0,4.18,4.63
2025-02-01,243080,3.261,341588,22551.4,125.921,2.71048,4.1,4.19,4.45
2025-03-01,271701,3.232,341729,22704.4,125.941,2.35943,4.2,4.06,4.28
2025-04-01,267294,3.330,341874,22918.1,126.150,2.27743,4.2,3.95,4.28
2025-05-01,280757,3.306,342032,22799.4,126.380,2.45809,4.2,4.09,4.42
2025-06-01,277848,3.306,342197,22858.0,126.743,2.59351,4.1,4.06,4.38
2025-07-01,283654,3.285,342370,22947.5,126.949,2.59666,4.2,4.08,4.39